Unnamed: 0,snippet_topLevelComment_id,snippet_topLevelComment_snippet_videoId,snippet_topLevelComment_snippet_textDisplay,snippet_topLevelComment_snippet_textOriginal,snippet_topLevelComment_snippet_viewerRating,snippet_topLevelComment_snippet_likeCount,snippet_topLevelComment_snippet_publishedAt,snippet_topLevelComment_snippet_updatedAt,snippet_canReply,snippet_totalReplyCount,snippet_isPublic
0,Ugztd_P5M7S0RwkYuJV4AaABAg,DRXYOfbksGE,efendim pls k kat ağlayan bir video yapın usre ka video daala hai brbrsir benim için çok önemli sadece videonuzu anlıyoruz sadece brberhump isteğini dürüst öğrencilerden izliyorum,"Sir pls make a video on k fold cross validation
Sir maine abhut saara video dekha par usme acche se explain nahi Kiya gaya hai 

Aap ek video banao aur statistics par bhi video banao 
Apne playlist me dusre ka video daala hai 

Sir it's very important for me I am watching only your video , getting understand with your video only 

Humble request from honest student to best teacher",none,0,2022-09-24T15:44:28Z,2022-09-24T15:44:28Z,True,0.0,True
1,UgzYqnTw6zHursr0gvB4AaABAg,DRXYOfbksGE,bunun için teşekkürler lütfen sql için daha fazla soru ekleyin,Thank you for this. Please add more questions for sql,none,0,2022-09-22T20:58:06Z,2022-09-22T20:58:06Z,True,0.0,True
2,UgxEu5SjekSgcC0yaLZ4AaABAg,DRXYOfbksGE,bu video için teşekkür ederim kardeşim brmy dumbass sqlde bir histogram planlayacağımızı düşündüm,"Thank you brother for this video 👍🏼,
My dumbass thought we were going to plot a histogram in SQL 🤣",none,0,2022-09-11T17:03:49Z,2022-09-11T17:04:10Z,True,0.0,True
3,UgzfaUtwZxYQK1Y3waF4AaABAg,DRXYOfbksGE,başka bir harika video,Another awesome video 👍,none,0,2022-08-28T07:34:57Z,2022-08-28T07:34:57Z,True,0.0,True
4,UgyU0z_TF085hHxLN9Z4AaABAg,DRXYOfbksGE,merhaba efendim ml algoritmalarında kullanılan her türlü parsel üzerinde bir video yapmanız mümkündür pifirplot ggplot dağılım histkde verilen veri kümesinde hangi arsa hangi noktaların parselleri çizmek için imp olduğunu vb,"Hello Sir, It is possible for you to make a video on all type of plots used in ML algorithms. How to draw pairplot, ggPlot, scatter, hist,kde on given dataset,  which plot is best for which analysis, which points are imp to plot the plots, etc",none,0,2022-08-27T08:39:51Z,2022-08-27T08:41:11Z,True,0.0,True
