,kind,etag,id,snippet,status,contentDetails,player
0,youtube#playlist,c6n9groLrT2rzT1-CvrwGvvLoyk,PLKnIA16_RmvYiCaWzsT242jVdp_aAdDjb,"{'publishedAt': '2022-08-25T07:11:41Z', 'channelId': 'UCCWi3hpnq_Pe03nGxuS7isg', 'title': 'SQL Interview Questions', 'description': '', 'thumbnails': {'default': {'url': 'https://i.ytimg.com/vi/DRXYOfbksGE/default.jpg', 'width': 120, 'height': 90}, 'medium': {'url': 'https://i.ytimg.com/vi/DRXYOfbksGE/mqdefault.jpg', 'width': 320, 'height': 180}, 'high': {'url': 'https://i.ytimg.com/vi/DRXYOfbksGE/hqdefault.jpg', 'width': 480, 'height': 360}, 'standard': {'url': 'https://i.ytimg.com/vi/DRXYOfbksGE/sddefault.jpg', 'width': 640, 'height': 480}, 'maxres': {'url': 'https://i.ytimg.com/vi/DRXYOfbksGE/maxresdefault.jpg', 'width': 1280, 'height': 720}}, 'channelTitle': 'CampusX', 'localized': {'title': 'SQL Interview Questions', 'description': ''}}",{'privacyStatus': 'public'},{'itemCount': 1},"{'embedHtml': '<iframe width=""640"" height=""360"" src=""http://www.youtube.com/embed/videoseries?list=PLKnIA16_RmvYiCaWzsT242jVdp_aAdDjb"" frameborder=""0"" allow=""accelerometer; autoplay; clipboard-write; encrypted-media; gyroscope; picture-in-picture"" allowfullscreen></iframe>'}"
1,youtube#playlist,ANZV9G80cEJd4VPtOTlGcBBvMcA,PLKnIA16_RmvYhD5pqAeVu3j_jTjnTJIW2,"{'publishedAt': '2022-08-07T08:57:42Z', 'channelId': 'UCCWi3hpnq_Pe03nGxuS7isg', 'title': 'Deep Learning Optimizers', 'description': 'A playlist containing mathematical details, intuition and animation around all major deep learning optimizers', 'thumbnails': {'default': {'url': 'https://i.ytimg.com/vi/iCTTnQJn50E/default.jpg', 'width': 120, 'height': 90}, 'medium': {'url': 'https://i.ytimg.com/vi/iCTTnQJn50E/mqdefault.jpg', 'width': 320, 'height': 180}, 'high': {'url': 'https://i.ytimg.com/vi/iCTTnQJn50E/hqdefault.jpg', 'width': 480, 'height': 360}, 'standard': {'url': 'https://i.ytimg.com/vi/iCTTnQJn50E/sddefault.jpg', 'width': 640, 'height': 480}, 'maxres': {'url': 'https://i.ytimg.com/vi/iCTTnQJn50E/maxresdefault.jpg', 'width': 1280, 'height': 720}}, 'channelTitle': 'CampusX', 'localized': {'title': 'Deep Learning Optimizers', 'description': 'A playlist containing mathematical details, intuition and animation around all major deep learning optimizers'}}",{'privacyStatus': 'public'},{'itemCount': 7},"{'embedHtml': '<iframe width=""640"" height=""360"" src=""http://www.youtube.com/embed/videoseries?list=PLKnIA16_RmvYhD5pqAeVu3j_jTjnTJIW2"" frameborder=""0"" allow=""accelerometer; autoplay; clipboard-write; encrypted-media; gyroscope; picture-in-picture"" allowfullscreen></iframe>'}"
2,youtube#playlist,ptOCF01qume0teJpgt9WEaVi5Vw,PLKnIA16_Rmvba0fOpXid4yNwkbX9LGBIh,"{'publishedAt': '2022-07-14T05:07:35Z', 'channelId': 'UCCWi3hpnq_Pe03nGxuS7isg', 'title': 'Success Stories', 'description': '', 'thumbnails': {'default': {'url': 'https://i.ytimg.com/vi/3x81gGRQjwM/default.jpg', 'width': 120, 'height': 90}, 'medium': {'url': 'https://i.ytimg.com/vi/3x81gGRQjwM/mqdefault.jpg', 'width': 320, 'height': 180}, 'high': {'url': 'https://i.ytimg.com/vi/3x81gGRQjwM/hqdefault.jpg', 'width': 480, 'height': 360}, 'standard': {'url': 'https://i.ytimg.com/vi/3x81gGRQjwM/sddefault.jpg', 'width': 640, 'height': 480}, 'maxres': {'url': 'https://i.ytimg.com/vi/3x81gGRQjwM/maxresdefault.jpg', 'width': 1280, 'height': 720}}, 'channelTitle': 'CampusX', 'localized': {'title': 'Success Stories', 'description': ''}}",{'privacyStatus': 'public'},{'itemCount': 2},"{'embedHtml': '<iframe width=""640"" height=""360"" src=""http://www.youtube.com/embed/videoseries?list=PLKnIA16_Rmvba0fOpXid4yNwkbX9LGBIh"" frameborder=""0"" allow=""accelerometer; autoplay; clipboard-write; encrypted-media; gyroscope; picture-in-picture"" allowfullscreen></iframe>'}"
3,youtube#playlist,LySYBCXz7px3MiG8h0Vv6yydPEA,PLKnIA16_RmvbMK0_fdp0DZHZKm4Q1slAB,"{'publishedAt': '2022-07-04T03:46:01Z', 'channelId': 'UCCWi3hpnq_Pe03nGxuS7isg', 'title': 'Reinforcement Learning Crash Course', 'description': '', 'thumbnails': {'default': {'url': 'https://i.ytimg.com/vi/zdIQkjtFX_I/default.jpg', 'width': 120, 'height': 90}, 'medium': {'url': 'https://i.ytimg.com/vi/zdIQkjtFX_I/mqdefault.jpg', 'width': 320, 'height': 180}, 'high': {'url': 'https://i.ytimg.com/vi/zdIQkjtFX_I/hqdefault.jpg', 'width': 480, 'height': 360}, 'standard': {'url': 'https://i.ytimg.com/vi/zdIQkjtFX_I/sddefault.jpg', 'width': 640, 'height': 480}, 'maxres': {'url': 'https://i.ytimg.com/vi/zdIQkjtFX_I/maxresdefault.jpg', 'width': 1280, 'height': 720}}, 'channelTitle': 'CampusX', 'localized': {'title': 'Reinforcement Learning Crash Course', 'description': ''}}",{'privacyStatus': 'public'},{'itemCount': 6},"{'embedHtml': '<iframe width=""640"" height=""360"" src=""http://www.youtube.com/embed/videoseries?list=PLKnIA16_RmvbMK0_fdp0DZHZKm4Q1slAB"" frameborder=""0"" allow=""accelerometer; autoplay; clipboard-write; encrypted-media; gyroscope; picture-in-picture"" allowfullscreen></iframe>'}"
4,youtube#playlist,0zVP7pB6m-94bTaBhPowa12ESrc,PLKnIA16_Rmva_ZdY31wpEICG0KHnvIhu2,"{'publishedAt': '2022-06-17T08:32:00Z', 'channelId': 'UCCWi3hpnq_Pe03nGxuS7isg', 'title': 'Machine Learning Interview Questions', 'description': '', 'thumbnails': {'default': {'url': 'https://i.ytimg.com/vi/yA_Vtygj5FA/default.jpg', 'width': 120, 'height': 90}, 'medium': {'url': 'https://i.ytimg.com/vi/yA_Vtygj5FA/mqdefault.jpg', 'width': 320, 'height': 180}, 'high': {'url': 'https://i.ytimg.com/vi/yA_Vtygj5FA/hqdefault.jpg', 'width': 480, 'height': 360}, 'standard': {'url': 'https://i.ytimg.com/vi/yA_Vtygj5FA/sddefault.jpg', 'width': 640, 'height': 480}, 'maxres': {'url': 'https://i.ytimg.com/vi/yA_Vtygj5FA/maxresdefault.jpg', 'width': 1280, 'height': 720}}, 'channelTitle': 'CampusX', 'localized': {'title': 'Machine Learning Interview Questions', 'description': ''}}",{'privacyStatus': 'public'},{'itemCount': 20},"{'embedHtml': '<iframe width=""640"" height=""360"" src=""http://www.youtube.com/embed/videoseries?list=PLKnIA16_Rmva_ZdY31wpEICG0KHnvIhu2"" frameborder=""0"" allow=""accelerometer; autoplay; clipboard-write; encrypted-media; gyroscope; picture-in-picture"" allowfullscreen></iframe>'}"
5,youtube#playlist,qMKtDR1N_O7T5mQgW9DCtGGLsas,PLKnIA16_RmvYqcz4vdPmE9HsvMmrr0QO9,"{'publishedAt': '2022-06-03T04:37:22Z', 'channelId': 'UCCWi3hpnq_Pe03nGxuS7isg', 'title': 'Machine Learning Case Study', 'description': 'A Playlist on various famous companies and how they use machine learning in their day-to-day operations.', 'thumbnails': {'default': {'url': 'https://i.ytimg.com/vi/u2aOTtOwOkc/default.jpg', 'width': 120, 'height': 90}, 'medium': {'url': 'https://i.ytimg.com/vi/u2aOTtOwOkc/mqdefault.jpg', 'width': 320, 'height': 180}, 'high': {'url': 'https://i.ytimg.com/vi/u2aOTtOwOkc/hqdefault.jpg', 'width': 480, 'height': 360}, 'standard': {'url': 'https://i.ytimg.com/vi/u2aOTtOwOkc/sddefault.jpg', 'width': 640, 'height': 480}, 'maxres': {'url': 'https://i.ytimg.com/vi/u2aOTtOwOkc/maxresdefault.jpg', 'width': 1280, 'height': 720}}, 'channelTitle': 'CampusX', 'localized': {'title': 'Machine Learning Case Study', 'description': 'A Playlist on various famous companies and how they use machine learning in their day-to-day operations.'}}",{'privacyStatus': 'public'},{'itemCount': 2},"{'embedHtml': '<iframe width=""640"" height=""360"" src=""http://www.youtube.com/embed/videoseries?list=PLKnIA16_RmvYqcz4vdPmE9HsvMmrr0QO9"" frameborder=""0"" allow=""accelerometer; autoplay; clipboard-write; encrypted-media; gyroscope; picture-in-picture"" allowfullscreen></iframe>'}"
6,youtube#playlist,WWg6kKzIpMYn-hcjdQ0v0qBLRTQ,PLKnIA16_RmvYIzoQ_U60CIDVwwjVMhuT5,"{'publishedAt': '2022-05-14T13:32:33Z', 'channelId': 'UCCWi3hpnq_Pe03nGxuS7isg', 'title': 'Choro Kaam Ki Baatien', 'description': '', 'thumbnails': {'default': {'url': 'https://i.ytimg.com/vi/T7KTKLHpTho/default.jpg', 'width': 120, 'height': 90}, 'medium': {'url': 'https://i.ytimg.com/vi/T7KTKLHpTho/mqdefault.jpg', 'width': 320, 'height': 180}, 'high': {'url': 'https://i.ytimg.com/vi/T7KTKLHpTho/hqdefault.jpg', 'width': 480, 'height': 360}, 'standard': {'url': 'https://i.ytimg.com/vi/T7KTKLHpTho/sddefault.jpg', 'width': 640, 'height': 480}, 'maxres': {'url': 'https://i.ytimg.com/vi/T7KTKLHpTho/maxresdefault.jpg', 'width': 1280, 'height': 720}}, 'channelTitle': 'CampusX', 'localized': {'title': 'Choro Kaam Ki Baatien', 'description': ''}}",{'privacyStatus': 'public'},{'itemCount': 3},"{'embedHtml': '<iframe width=""640"" height=""360"" src=""http://www.youtube.com/embed/videoseries?list=PLKnIA16_RmvYIzoQ_U60CIDVwwjVMhuT5"" frameborder=""0"" allow=""accelerometer; autoplay; clipboard-write; encrypted-media; gyroscope; picture-in-picture"" allowfullscreen></iframe>'}"
7,youtube#playlist,7t6fJZ1rA2H4k8_MXLqy1DQwhpQ,PLKnIA16_RmvbENTxx8TqPQtLxWj7B9Ins,"{'publishedAt': '2022-05-10T14:01:20Z', 'channelId': 'UCCWi3hpnq_Pe03nGxuS7isg', 'title': 'CampusX Live', 'description': '', 'thumbnails': {'default': {'url': 'https://i.ytimg.com/vi/yBKkSm2v3gg/default.jpg', 'width': 120, 'height': 90}, 'medium': {'url': 'https://i.ytimg.com/vi/yBKkSm2v3gg/mqdefault.jpg', 'width': 320, 'height': 180}, 'high': {'url': 'https://i.ytimg.com/vi/yBKkSm2v3gg/hqdefault.jpg', 'width': 480, 'height': 360}, 'standard': {'url': 'https://i.ytimg.com/vi/yBKkSm2v3gg/sddefault.jpg', 'width': 640, 'height': 480}, 'maxres': {'url': 'https://i.ytimg.com/vi/yBKkSm2v3gg/maxresdefault.jpg', 'width': 1280, 'height': 720}}, 'channelTitle': 'CampusX', 'localized': {'title': 'CampusX Live', 'description': ''}}",{'privacyStatus': 'public'},{'itemCount': 3},"{'embedHtml': '<iframe width=""640"" height=""360"" src=""http://www.youtube.com/embed/videoseries?list=PLKnIA16_RmvbENTxx8TqPQtLxWj7B9Ins"" frameborder=""0"" allow=""accelerometer; autoplay; clipboard-write; encrypted-media; gyroscope; picture-in-picture"" allowfullscreen></iframe>'}"
8,youtube#playlist,dNa8QapmVcRxc_fbuLjJBoCXVPE,PLKnIA16_RmvZTD2oti9S1jDTX7xTC7PSO,"{'publishedAt': '2022-03-26T11:33:20Z', 'channelId': 'UCCWi3hpnq_Pe03nGxuS7isg', 'title': 'Data Science Interview Preparation', 'description': '', 'thumbnails': {'default': {'url': 'https://i.ytimg.com/vi/dBvjBwga8pU/default.jpg', 'width': 120, 'height': 90}, 'medium': {'url': 'https://i.ytimg.com/vi/dBvjBwga8pU/mqdefault.jpg', 'width': 320, 'height': 180}, 'high': {'url': 'https://i.ytimg.com/vi/dBvjBwga8pU/hqdefault.jpg', 'width': 480, 'height': 360}, 'standard': {'url': 'https://i.ytimg.com/vi/dBvjBwga8pU/sddefault.jpg', 'width': 640, 'height': 480}, 'maxres': {'url': 'https://i.ytimg.com/vi/dBvjBwga8pU/maxresdefault.jpg', 'width': 1280, 'height': 720}}, 'channelTitle': 'CampusX', 'localized': {'title': 'Data Science Interview Preparation', 'description': ''}}",{'privacyStatus': 'public'},{'itemCount': 2},"{'embedHtml': '<iframe width=""640"" height=""360"" src=""http://www.youtube.com/embed/videoseries?list=PLKnIA16_RmvZTD2oti9S1jDTX7xTC7PSO"" frameborder=""0"" allow=""accelerometer; autoplay; clipboard-write; encrypted-media; gyroscope; picture-in-picture"" allowfullscreen></iframe>'}"
9,youtube#playlist,SnFq9pFErXEHVx-D9QvJoIAwFHM,PLKnIA16_RmvYun1_5r9Fb4eQigioPB7yn,"{'publishedAt': '2022-02-21T14:00:50Z', 'channelId': 'UCCWi3hpnq_Pe03nGxuS7isg', 'title': 'SQL for Data Science', 'description': '', 'thumbnails': {'default': {'url': 'https://i.ytimg.com/vi/FGBme8dWR_M/default.jpg', 'width': 120, 'height': 90}, 'medium': {'url': 'https://i.ytimg.com/vi/FGBme8dWR_M/mqdefault.jpg', 'width': 320, 'height': 180}, 'high': {'url': 'https://i.ytimg.com/vi/FGBme8dWR_M/hqdefault.jpg', 'width': 480, 'height': 360}, 'standard': {'url': 'https://i.ytimg.com/vi/FGBme8dWR_M/sddefault.jpg', 'width': 640, 'height': 480}, 'maxres': {'url': 'https://i.ytimg.com/vi/FGBme8dWR_M/maxresdefault.jpg', 'width': 1280, 'height': 720}}, 'channelTitle': 'CampusX', 'localized': {'title': 'SQL for Data Science', 'description': ''}}",{'privacyStatus': 'public'},{'itemCount': 6},"{'embedHtml': '<iframe width=""640"" height=""360"" src=""http://www.youtube.com/embed/videoseries?list=PLKnIA16_RmvYun1_5r9Fb4eQigioPB7yn"" frameborder=""0"" allow=""accelerometer; autoplay; clipboard-write; encrypted-media; gyroscope; picture-in-picture"" allowfullscreen></iframe>'}"
10,youtube#playlist,ygePs6sahH8GT53NGjdpciJP-J8,PLKnIA16_RmvYuZauWaPlRTC54KxSNLtNn,"{'publishedAt': '2022-02-15T12:13:33Z', 'channelId': 'UCCWi3hpnq_Pe03nGxuS7isg', 'title': '100 Days of Deep Learning', 'description': 'A complete end-to-end playlist on Deep Learning where topics like ANN, CNN, and RNN are covered.', 'thumbnails': {'default': {'url': 'https://i.ytimg.com/vi/2dH_qjc9mFg/default.jpg', 'width': 120, 'height': 90}, 'medium': {'url': 'https://i.ytimg.com/vi/2dH_qjc9mFg/mqdefault.jpg', 'width': 320, 'height': 180}, 'high': {'url': 'https://i.ytimg.com/vi/2dH_qjc9mFg/hqdefault.jpg', 'width': 480, 'height': 360}, 'standard': {'url': 'https://i.ytimg.com/vi/2dH_qjc9mFg/sddefault.jpg', 'width': 640, 'height': 480}, 'maxres': {'url': 'https://i.ytimg.com/vi/2dH_qjc9mFg/maxresdefault.jpg', 'width': 1280, 'height': 720}}, 'channelTitle': 'CampusX', 'localized': {'title': '100 Days of Deep Learning', 'description': 'A complete end-to-end playlist on Deep Learning where topics like ANN, CNN, and RNN are covered.'}}",{'privacyStatus': 'public'},{'itemCount': 50},"{'embedHtml': '<iframe width=""640"" height=""360"" src=""http://www.youtube.com/embed/videoseries?list=PLKnIA16_RmvYuZauWaPlRTC54KxSNLtNn"" frameborder=""0"" allow=""accelerometer; autoplay; clipboard-write; encrypted-media; gyroscope; picture-in-picture"" allowfullscreen></iframe>'}"
11,youtube#playlist,Wp2czM9xl0S3DmuJRdpTlkqbX7Y,PLKnIA16_RmvYNbPMB6ofVLRCcTPUAftdY,"{'publishedAt': '2022-01-11T09:38:18Z', 'channelId': 'UCCWi3hpnq_Pe03nGxuS7isg', 'title': 'Probability Basics (ML Roadmap 2022)', 'description': '', 'thumbnails': {'default': {'url': 'https://i.ytimg.com/vi/Ty7knppVo9E/default.jpg', 'width': 120, 'height': 90}, 'medium': {'url': 'https://i.ytimg.com/vi/Ty7knppVo9E/mqdefault.jpg', 'width': 320, 'height': 180}, 'high': {'url': 'https://i.ytimg.com/vi/Ty7knppVo9E/hqdefault.jpg', 'width': 480, 'height': 360}, 'standard': {'url': 'https://i.ytimg.com/vi/Ty7knppVo9E/sddefault.jpg', 'width': 640, 'height': 480}}, 'channelTitle': 'CampusX', 'localized': {'title': 'Probability Basics (ML Roadmap 2022)', 'description': ''}}",{'privacyStatus': 'public'},{'itemCount': 10},"{'embedHtml': '<iframe width=""640"" height=""360"" src=""http://www.youtube.com/embed/videoseries?list=PLKnIA16_RmvYNbPMB6ofVLRCcTPUAftdY"" frameborder=""0"" allow=""accelerometer; autoplay; clipboard-write; encrypted-media; gyroscope; picture-in-picture"" allowfullscreen></iframe>'}"
12,youtube#playlist,b7pCxtTlIeEbc80WdUj21Yn7gxA,PLKnIA16_Rmvbe9wDJGXc28KKr6lp5Jn2g,"{'publishedAt': '2022-01-11T06:11:06Z', 'channelId': 'UCCWi3hpnq_Pe03nGxuS7isg', 'title': 'Advance Statistics (ML Roadmap 2022)', 'description': '', 'thumbnails': {'default': {'url': 'https://i.ytimg.com/vi/eIZD1BFfw8E/default.jpg', 'width': 120, 'height': 90}, 'medium': {'url': 'https://i.ytimg.com/vi/eIZD1BFfw8E/mqdefault.jpg', 'width': 320, 'height': 180}, 'high': {'url': 'https://i.ytimg.com/vi/eIZD1BFfw8E/hqdefault.jpg', 'width': 480, 'height': 360}, 'standard': {'url': 'https://i.ytimg.com/vi/eIZD1BFfw8E/sddefault.jpg', 'width': 640, 'height': 480}, 'maxres': {'url': 'https://i.ytimg.com/vi/eIZD1BFfw8E/maxresdefault.jpg', 'width': 1280, 'height': 720}}, 'channelTitle': 'CampusX', 'localized': {'title': 'Advance Statistics (ML Roadmap 2022)', 'description': ''}}",{'privacyStatus': 'public'},{'itemCount': 7},"{'embedHtml': '<iframe width=""640"" height=""360"" src=""http://www.youtube.com/embed/videoseries?list=PLKnIA16_Rmvbe9wDJGXc28KKr6lp5Jn2g"" frameborder=""0"" allow=""accelerometer; autoplay; clipboard-write; encrypted-media; gyroscope; picture-in-picture"" allowfullscreen></iframe>'}"
13,youtube#playlist,7Qz3_uRq1OI_sUH-U6w6DL-RoC0,PLKnIA16_RmvZuSEZ24Wlm13QpsfLlJBM4,"{'publishedAt': '2022-01-11T03:33:53Z', 'channelId': 'UCCWi3hpnq_Pe03nGxuS7isg', 'title': 'Regularization', 'description': '', 'thumbnails': {'default': {'url': 'https://i.ytimg.com/vi/aEow1QoTLo0/default.jpg', 'width': 120, 'height': 90}, 'medium': {'url': 'https://i.ytimg.com/vi/aEow1QoTLo0/mqdefault.jpg', 'width': 320, 'height': 180}, 'high': {'url': 'https://i.ytimg.com/vi/aEow1QoTLo0/hqdefault.jpg', 'width': 480, 'height': 360}, 'standard': {'url': 'https://i.ytimg.com/vi/aEow1QoTLo0/sddefault.jpg', 'width': 640, 'height': 480}, 'maxres': {'url': 'https://i.ytimg.com/vi/aEow1QoTLo0/maxresdefault.jpg', 'width': 1280, 'height': 720}}, 'channelTitle': 'CampusX', 'localized': {'title': 'Regularization', 'description': ''}}",{'privacyStatus': 'public'},{'itemCount': 7},"{'embedHtml': '<iframe width=""640"" height=""360"" src=""http://www.youtube.com/embed/videoseries?list=PLKnIA16_RmvZuSEZ24Wlm13QpsfLlJBM4"" frameborder=""0"" allow=""accelerometer; autoplay; clipboard-write; encrypted-media; gyroscope; picture-in-picture"" allowfullscreen></iframe>'}"
14,youtube#playlist,QW6f3wzycn3IzUb8eyWpJ6BxPA0,PLKnIA16_RmvZJGOqRjqhOhTEmQW3vDdbQ,"{'publishedAt': '2022-01-11T03:23:28Z', 'channelId': 'UCCWi3hpnq_Pe03nGxuS7isg', 'title': 'Machine Learning Metrics', 'description': '', 'thumbnails': {'default': {'url': 'https://i.ytimg.com/vi/Ti7c-Hz7GSM/default.jpg', 'width': 120, 'height': 90}, 'medium': {'url': 'https://i.ytimg.com/vi/Ti7c-Hz7GSM/mqdefault.jpg', 'width': 320, 'height': 180}, 'high': {'url': 'https://i.ytimg.com/vi/Ti7c-Hz7GSM/hqdefault.jpg', 'width': 480, 'height': 360}, 'standard': {'url': 'https://i.ytimg.com/vi/Ti7c-Hz7GSM/sddefault.jpg', 'width': 640, 'height': 480}, 'maxres': {'url': 'https://i.ytimg.com/vi/Ti7c-Hz7GSM/maxresdefault.jpg', 'width': 1280, 'height': 720}}, 'channelTitle': 'CampusX', 'localized': {'title': 'Machine Learning Metrics', 'description': ''}}",{'privacyStatus': 'public'},{'itemCount': 3},"{'embedHtml': '<iframe width=""640"" height=""360"" src=""http://www.youtube.com/embed/videoseries?list=PLKnIA16_RmvZJGOqRjqhOhTEmQW3vDdbQ"" frameborder=""0"" allow=""accelerometer; autoplay; clipboard-write; encrypted-media; gyroscope; picture-in-picture"" allowfullscreen></iframe>'}"
15,youtube#playlist,Imu00nGE6ehq5ZbI4jFRDKTIoKQ,PLKnIA16_RmvbXJbBW4zCy4Xbr81GRyaC4,"{'publishedAt': '2022-01-11T03:15:00Z', 'channelId': 'UCCWi3hpnq_Pe03nGxuS7isg', 'title': 'XgBoost', 'description': '', 'thumbnails': {'default': {'url': 'https://i.ytimg.com/vi/BTLB-ppqBZc/default.jpg', 'width': 120, 'height': 90}, 'medium': {'url': 'https://i.ytimg.com/vi/BTLB-ppqBZc/mqdefault.jpg', 'width': 320, 'height': 180}, 'high': {'url': 'https://i.ytimg.com/vi/BTLB-ppqBZc/hqdefault.jpg', 'width': 480, 'height': 360}, 'standard': {'url': 'https://i.ytimg.com/vi/BTLB-ppqBZc/sddefault.jpg', 'width': 640, 'height': 480}, 'maxres': {'url': 'https://i.ytimg.com/vi/BTLB-ppqBZc/maxresdefault.jpg', 'width': 1280, 'height': 720}}, 'channelTitle': 'CampusX', 'localized': {'title': 'XgBoost', 'description': ''}}",{'privacyStatus': 'public'},{'itemCount': 2},"{'embedHtml': '<iframe width=""640"" height=""360"" src=""http://www.youtube.com/embed/videoseries?list=PLKnIA16_RmvbXJbBW4zCy4Xbr81GRyaC4"" frameborder=""0"" allow=""accelerometer; autoplay; clipboard-write; encrypted-media; gyroscope; picture-in-picture"" allowfullscreen></iframe>'}"
16,youtube#playlist,R3QajFkH2HW2KgwNNFUr4Dq_IqA,PLKnIA16_RmvZxriy68dPZhorB8LXP1PY6,"{'publishedAt': '2022-01-11T03:12:04Z', 'channelId': 'UCCWi3hpnq_Pe03nGxuS7isg', 'title': 'Adaboost (Updated)', 'description': '', 'thumbnails': {'default': {'url': 'https://i.ytimg.com/vi/sFKnP0iP0K0/default.jpg', 'width': 120, 'height': 90}, 'medium': {'url': 'https://i.ytimg.com/vi/sFKnP0iP0K0/mqdefault.jpg', 'width': 320, 'height': 180}, 'high': {'url': 'https://i.ytimg.com/vi/sFKnP0iP0K0/hqdefault.jpg', 'width': 480, 'height': 360}, 'standard': {'url': 'https://i.ytimg.com/vi/sFKnP0iP0K0/sddefault.jpg', 'width': 640, 'height': 480}}, 'channelTitle': 'CampusX', 'localized': {'title': 'Adaboost (Updated)', 'description': ''}}",{'privacyStatus': 'public'},{'itemCount': 5},"{'embedHtml': '<iframe width=""640"" height=""360"" src=""http://www.youtube.com/embed/videoseries?list=PLKnIA16_RmvZxriy68dPZhorB8LXP1PY6"" frameborder=""0"" allow=""accelerometer; autoplay; clipboard-write; encrypted-media; gyroscope; picture-in-picture"" allowfullscreen></iframe>'}"
17,youtube#playlist,1a2j5a1Sqg9lw994cXOkJ89Tkcc,PLKnIA16_RmvZyqP3WGUo7iVziIIea_1bp,"{'publishedAt': '2022-01-11T03:09:43Z', 'channelId': 'UCCWi3hpnq_Pe03nGxuS7isg', 'title': 'Random Forest', 'description': '', 'thumbnails': {'default': {'url': 'https://i.ytimg.com/vi/bHK1fE_BUms/default.jpg', 'width': 120, 'height': 90}, 'medium': {'url': 'https://i.ytimg.com/vi/bHK1fE_BUms/mqdefault.jpg', 'width': 320, 'height': 180}, 'high': {'url': 'https://i.ytimg.com/vi/bHK1fE_BUms/hqdefault.jpg', 'width': 480, 'height': 360}, 'standard': {'url': 'https://i.ytimg.com/vi/bHK1fE_BUms/sddefault.jpg', 'width': 640, 'height': 480}, 'maxres': {'url': 'https://i.ytimg.com/vi/bHK1fE_BUms/maxresdefault.jpg', 'width': 1280, 'height': 720}}, 'channelTitle': 'CampusX', 'localized': {'title': 'Random Forest', 'description': ''}}",{'privacyStatus': 'public'},{'itemCount': 8},"{'embedHtml': '<iframe width=""640"" height=""360"" src=""http://www.youtube.com/embed/videoseries?list=PLKnIA16_RmvZyqP3WGUo7iVziIIea_1bp"" frameborder=""0"" allow=""accelerometer; autoplay; clipboard-write; encrypted-media; gyroscope; picture-in-picture"" allowfullscreen></iframe>'}"
18,youtube#playlist,I-sEQH8iIlImwb3F0SjyK8HiS1s,PLKnIA16_Rmvb-ZTsM1QS-tlwmlkeGSnru,"{'publishedAt': '2022-01-11T03:03:18Z', 'channelId': 'UCCWi3hpnq_Pe03nGxuS7isg', 'title': 'Logistic Regression(Updated)', 'description': '', 'thumbnails': {'default': {'url': 'https://i.ytimg.com/vi/XNXzVfItWGY/default.jpg', 'width': 120, 'height': 90}, 'medium': {'url': 'https://i.ytimg.com/vi/XNXzVfItWGY/mqdefault.jpg', 'width': 320, 'height': 180}, 'high': {'url': 'https://i.ytimg.com/vi/XNXzVfItWGY/hqdefault.jpg', 'width': 480, 'height': 360}, 'standard': {'url': 'https://i.ytimg.com/vi/XNXzVfItWGY/sddefault.jpg', 'width': 640, 'height': 480}, 'maxres': {'url': 'https://i.ytimg.com/vi/XNXzVfItWGY/maxresdefault.jpg', 'width': 1280, 'height': 720}}, 'channelTitle': 'CampusX', 'localized': {'title': 'Logistic Regression(Updated)', 'description': ''}}",{'privacyStatus': 'public'},{'itemCount': 9},"{'embedHtml': '<iframe width=""640"" height=""360"" src=""http://www.youtube.com/embed/videoseries?list=PLKnIA16_Rmvb-ZTsM1QS-tlwmlkeGSnru"" frameborder=""0"" allow=""accelerometer; autoplay; clipboard-write; encrypted-media; gyroscope; picture-in-picture"" allowfullscreen></iframe>'}"
19,youtube#playlist,ap38ewsJd6MhgYLf7PKbR-Mos-Q,PLKnIA16_RmvaMPgWfHnN4MXl3qQ1597Jw,"{'publishedAt': '2022-01-11T03:01:02Z', 'channelId': 'UCCWi3hpnq_Pe03nGxuS7isg', 'title': 'Gradient Boosting', 'description': '', 'thumbnails': {'default': {'url': 'https://i.ytimg.com/vi/fbKz7N92mhQ/default.jpg', 'width': 120, 'height': 90}, 'medium': {'url': 'https://i.ytimg.com/vi/fbKz7N92mhQ/mqdefault.jpg', 'width': 320, 'height': 180}, 'high': {'url': 'https://i.ytimg.com/vi/fbKz7N92mhQ/hqdefault.jpg', 'width': 480, 'height': 360}, 'standard': {'url': 'https://i.ytimg.com/vi/fbKz7N92mhQ/sddefault.jpg', 'width': 640, 'height': 480}}, 'channelTitle': 'CampusX', 'localized': {'title': 'Gradient Boosting', 'description': ''}}",{'privacyStatus': 'public'},{'itemCount': 2},"{'embedHtml': '<iframe width=""640"" height=""360"" src=""http://www.youtube.com/embed/videoseries?list=PLKnIA16_RmvaMPgWfHnN4MXl3qQ1597Jw"" frameborder=""0"" allow=""accelerometer; autoplay; clipboard-write; encrypted-media; gyroscope; picture-in-picture"" allowfullscreen></iframe>'}"
20,youtube#playlist,fdE4sFpKaKjqQ_4Lepp-MoArPmg,PLKnIA16_RmvYHW62E_lGQa0EFsph2NquD,"{'publishedAt': '2022-01-11T02:56:22Z', 'channelId': 'UCCWi3hpnq_Pe03nGxuS7isg', 'title': 'Principle Component Analysis (PCA)', 'description': '', 'thumbnails': {'default': {'url': 'https://i.ytimg.com/vi/ToGuhynu-No/default.jpg', 'width': 120, 'height': 90}, 'medium': {'url': 'https://i.ytimg.com/vi/ToGuhynu-No/mqdefault.jpg', 'width': 320, 'height': 180}, 'high': {'url': 'https://i.ytimg.com/vi/ToGuhynu-No/hqdefault.jpg', 'width': 480, 'height': 360}, 'standard': {'url': 'https://i.ytimg.com/vi/ToGuhynu-No/sddefault.jpg', 'width': 640, 'height': 480}, 'maxres': {'url': 'https://i.ytimg.com/vi/ToGuhynu-No/maxresdefault.jpg', 'width': 1280, 'height': 720}}, 'channelTitle': 'CampusX', 'localized': {'title': 'Principle Component Analysis (PCA)', 'description': ''}}",{'privacyStatus': 'public'},{'itemCount': 4},"{'embedHtml': '<iframe width=""640"" height=""360"" src=""http://www.youtube.com/embed/videoseries?list=PLKnIA16_RmvYHW62E_lGQa0EFsph2NquD"" frameborder=""0"" allow=""accelerometer; autoplay; clipboard-write; encrypted-media; gyroscope; picture-in-picture"" allowfullscreen></iframe>'}"
21,youtube#playlist,6Ea7p8ZgW1hA4xy5DNv4IPoS0-0,PLKnIA16_RmvbA_hYXlRgdCg9bn8ZQK2z9,"{'publishedAt': '2022-01-11T02:49:18Z', 'channelId': 'UCCWi3hpnq_Pe03nGxuS7isg', 'title': 'K-Means Clustering', 'description': '', 'thumbnails': {'default': {'url': 'https://i.ytimg.com/vi/5shTLzwAdEc/default.jpg', 'width': 120, 'height': 90}, 'medium': {'url': 'https://i.ytimg.com/vi/5shTLzwAdEc/mqdefault.jpg', 'width': 320, 'height': 180}, 'high': {'url': 'https://i.ytimg.com/vi/5shTLzwAdEc/hqdefault.jpg', 'width': 480, 'height': 360}, 'standard': {'url': 'https://i.ytimg.com/vi/5shTLzwAdEc/sddefault.jpg', 'width': 640, 'height': 480}, 'maxres': {'url': 'https://i.ytimg.com/vi/5shTLzwAdEc/maxresdefault.jpg', 'width': 1280, 'height': 720}}, 'channelTitle': 'CampusX', 'localized': {'title': 'K-Means Clustering', 'description': ''}}",{'privacyStatus': 'public'},{'itemCount': 3},"{'embedHtml': '<iframe width=""640"" height=""360"" src=""http://www.youtube.com/embed/videoseries?list=PLKnIA16_RmvbA_hYXlRgdCg9bn8ZQK2z9"" frameborder=""0"" allow=""accelerometer; autoplay; clipboard-write; encrypted-media; gyroscope; picture-in-picture"" allowfullscreen></iframe>'}"
22,youtube#playlist,U9cdOf90B6i_H3GHZ2395gpNQTE,PLKnIA16_RmvZvBbJex7T84XYRmor3IPK1,"{'publishedAt': '2022-01-10T14:12:37Z', 'channelId': 'UCCWi3hpnq_Pe03nGxuS7isg', 'title': 'Gradient Descent', 'description': '', 'thumbnails': {'default': {'url': 'https://i.ytimg.com/vi/ORyfPJypKuU/default.jpg', 'width': 120, 'height': 90}, 'medium': {'url': 'https://i.ytimg.com/vi/ORyfPJypKuU/mqdefault.jpg', 'width': 320, 'height': 180}, 'high': {'url': 'https://i.ytimg.com/vi/ORyfPJypKuU/hqdefault.jpg', 'width': 480, 'height': 360}, 'standard': {'url': 'https://i.ytimg.com/vi/ORyfPJypKuU/sddefault.jpg', 'width': 640, 'height': 480}, 'maxres': {'url': 'https://i.ytimg.com/vi/ORyfPJypKuU/maxresdefault.jpg', 'width': 1280, 'height': 720}}, 'channelTitle': 'CampusX', 'localized': {'title': 'Gradient Descent', 'description': ''}}",{'privacyStatus': 'public'},{'itemCount': 3},"{'embedHtml': '<iframe width=""640"" height=""360"" src=""http://www.youtube.com/embed/videoseries?list=PLKnIA16_RmvZvBbJex7T84XYRmor3IPK1"" frameborder=""0"" allow=""accelerometer; autoplay; clipboard-write; encrypted-media; gyroscope; picture-in-picture"" allowfullscreen></iframe>'}"
23,youtube#playlist,OuSs6V-zE1eIXPmCTHqklglVFaw,PLKnIA16_Rmva-wY_HBh1gTH32ocu2SoTr,"{'publishedAt': '2022-01-10T14:05:47Z', 'channelId': 'UCCWi3hpnq_Pe03nGxuS7isg', 'title': 'Linear Regression - Updated 2022', 'description': '', 'thumbnails': {'default': {'url': 'https://i.ytimg.com/vi/UZPfbG0jNec/default.jpg', 'width': 120, 'height': 90}, 'medium': {'url': 'https://i.ytimg.com/vi/UZPfbG0jNec/mqdefault.jpg', 'width': 320, 'height': 180}, 'high': {'url': 'https://i.ytimg.com/vi/UZPfbG0jNec/hqdefault.jpg', 'width': 480, 'height': 360}, 'standard': {'url': 'https://i.ytimg.com/vi/UZPfbG0jNec/sddefault.jpg', 'width': 640, 'height': 480}, 'maxres': {'url': 'https://i.ytimg.com/vi/UZPfbG0jNec/maxresdefault.jpg', 'width': 1280, 'height': 720}}, 'channelTitle': 'CampusX', 'localized': {'title': 'Linear Regression - Updated 2022', 'description': ''}}",{'privacyStatus': 'public'},{'itemCount': 6},"{'embedHtml': '<iframe width=""640"" height=""360"" src=""http://www.youtube.com/embed/videoseries?list=PLKnIA16_Rmva-wY_HBh1gTH32ocu2SoTr"" frameborder=""0"" allow=""accelerometer; autoplay; clipboard-write; encrypted-media; gyroscope; picture-in-picture"" allowfullscreen></iframe>'}"
24,youtube#playlist,-h2Uk3TLSUkK85ylO83QRsKNNDo,PLKnIA16_RmvZv_hh_t8vsYopa9DOcGgSf,"{'publishedAt': '2021-12-21T03:20:43Z', 'channelId': 'UCCWi3hpnq_Pe03nGxuS7isg', 'title': 'Live Streams', 'description': '', 'thumbnails': {'default': {'url': 'https://i.ytimg.com/vi/mdq43KRyy6M/default.jpg', 'width': 120, 'height': 90}, 'medium': {'url': 'https://i.ytimg.com/vi/mdq43KRyy6M/mqdefault.jpg', 'width': 320, 'height': 180}, 'high': {'url': 'https://i.ytimg.com/vi/mdq43KRyy6M/hqdefault.jpg', 'width': 480, 'height': 360}, 'standard': {'url': 'https://i.ytimg.com/vi/mdq43KRyy6M/sddefault.jpg', 'width': 640, 'height': 480}, 'maxres': {'url': 'https://i.ytimg.com/vi/mdq43KRyy6M/maxresdefault.jpg', 'width': 1280, 'height': 720}}, 'channelTitle': 'CampusX', 'localized': {'title': 'Live Streams', 'description': ''}}",{'privacyStatus': 'public'},{'itemCount': 7},"{'embedHtml': '<iframe width=""640"" height=""360"" src=""http://www.youtube.com/embed/videoseries?list=PLKnIA16_RmvZv_hh_t8vsYopa9DOcGgSf"" frameborder=""0"" allow=""accelerometer; autoplay; clipboard-write; encrypted-media; gyroscope; picture-in-picture"" allowfullscreen></iframe>'}"
25,youtube#playlist,d-ycUfqHt2gESNUh4f2GhANOZeA,PLKnIA16_RmvZo7fp5kkIth6nRTeQQsjfX,"{'publishedAt': '2021-11-25T02:22:44Z', 'channelId': 'UCCWi3hpnq_Pe03nGxuS7isg', 'title': 'Natural Language Processing(NLP)', 'description': '', 'thumbnails': {'default': {'url': 'https://i.ytimg.com/vi/zlUpTlaxAKI/default.jpg', 'width': 120, 'height': 90}, 'medium': {'url': 'https://i.ytimg.com/vi/zlUpTlaxAKI/mqdefault.jpg', 'width': 320, 'height': 180}, 'high': {'url': 'https://i.ytimg.com/vi/zlUpTlaxAKI/hqdefault.jpg', 'width': 480, 'height': 360}, 'standard': {'url': 'https://i.ytimg.com/vi/zlUpTlaxAKI/sddefault.jpg', 'width': 640, 'height': 480}, 'maxres': {'url': 'https://i.ytimg.com/vi/zlUpTlaxAKI/maxresdefault.jpg', 'width': 1280, 'height': 720}}, 'channelTitle': 'CampusX', 'localized': {'title': 'Natural Language Processing(NLP)', 'description': ''}}",{'privacyStatus': 'public'},{'itemCount': 8},"{'embedHtml': '<iframe width=""640"" height=""360"" src=""http://www.youtube.com/embed/videoseries?list=PLKnIA16_RmvZo7fp5kkIth6nRTeQQsjfX"" frameborder=""0"" allow=""accelerometer; autoplay; clipboard-write; encrypted-media; gyroscope; picture-in-picture"" allowfullscreen></iframe>'}"
26,youtube#playlist,OFdhYozkC9rc9nCLhj8W6ScjlJg,PLKnIA16_RmvZGK-NF2YovesQ96HfUrKEw,"{'publishedAt': '2021-10-22T12:30:25Z', 'channelId': 'UCCWi3hpnq_Pe03nGxuS7isg', 'title': 'Data Science Roadmap', 'description': '', 'thumbnails': {'default': {'url': 'https://i.ytimg.com/vi/qKvgh-1XIpE/default.jpg', 'width': 120, 'height': 90}, 'medium': {'url': 'https://i.ytimg.com/vi/qKvgh-1XIpE/mqdefault.jpg', 'width': 320, 'height': 180}, 'high': {'url': 'https://i.ytimg.com/vi/qKvgh-1XIpE/hqdefault.jpg', 'width': 480, 'height': 360}, 'standard': {'url': 'https://i.ytimg.com/vi/qKvgh-1XIpE/sddefault.jpg', 'width': 640, 'height': 480}, 'maxres': {'url': 'https://i.ytimg.com/vi/qKvgh-1XIpE/maxresdefault.jpg', 'width': 1280, 'height': 720}}, 'channelTitle': 'CampusX', 'localized': {'title': 'Data Science Roadmap', 'description': ''}}",{'privacyStatus': 'public'},{'itemCount': 5},"{'embedHtml': '<iframe width=""640"" height=""360"" src=""http://www.youtube.com/embed/videoseries?list=PLKnIA16_RmvZGK-NF2YovesQ96HfUrKEw"" frameborder=""0"" allow=""accelerometer; autoplay; clipboard-write; encrypted-media; gyroscope; picture-in-picture"" allowfullscreen></iframe>'}"
27,youtube#playlist,a81ZHENQPJe0mwZlNqdVAAbytu8,PLKnIA16_RmvZ60LRBRtAWjzrdNDX_81wl,"{'publishedAt': '2021-07-29T12:33:39Z', 'channelId': 'UCCWi3hpnq_Pe03nGxuS7isg', 'title': 'Career in Data Science', 'description': '', 'thumbnails': {'default': {'url': 'https://i.ytimg.com/vi/b7kEAoYHyuA/default.jpg', 'width': 120, 'height': 90}, 'medium': {'url': 'https://i.ytimg.com/vi/b7kEAoYHyuA/mqdefault.jpg', 'width': 320, 'height': 180}, 'high': {'url': 'https://i.ytimg.com/vi/b7kEAoYHyuA/hqdefault.jpg', 'width': 480, 'height': 360}, 'standard': {'url': 'https://i.ytimg.com/vi/b7kEAoYHyuA/sddefault.jpg', 'width': 640, 'height': 480}, 'maxres': {'url': 'https://i.ytimg.com/vi/b7kEAoYHyuA/maxresdefault.jpg', 'width': 1280, 'height': 720}}, 'channelTitle': 'CampusX', 'localized': {'title': 'Career in Data Science', 'description': ''}}",{'privacyStatus': 'public'},{'itemCount': 19},"{'embedHtml': '<iframe width=""640"" height=""360"" src=""http://www.youtube.com/embed/videoseries?list=PLKnIA16_RmvZ60LRBRtAWjzrdNDX_81wl"" frameborder=""0"" allow=""accelerometer; autoplay; clipboard-write; encrypted-media; gyroscope; picture-in-picture"" allowfullscreen></iframe>'}"
28,youtube#playlist,uVDp_2uK3owIDAYTdnNso8ekhNQ,PLKnIA16_RmvaUo-zCQ9qW5YcAjh2Cm6zV,"{'publishedAt': '2021-07-08T08:02:37Z', 'channelId': 'UCCWi3hpnq_Pe03nGxuS7isg', 'title': 'Generative Adversarial Networks (GANs)', 'description': '', 'thumbnails': {'default': {'url': 'https://i.ytimg.com/vi/Fe1MzID2BNg/default.jpg', 'width': 120, 'height': 90}, 'medium': {'url': 'https://i.ytimg.com/vi/Fe1MzID2BNg/mqdefault.jpg', 'width': 320, 'height': 180}, 'high': {'url': 'https://i.ytimg.com/vi/Fe1MzID2BNg/hqdefault.jpg', 'width': 480, 'height': 360}, 'standard': {'url': 'https://i.ytimg.com/vi/Fe1MzID2BNg/sddefault.jpg', 'width': 640, 'height': 480}}, 'channelTitle': 'CampusX', 'localized': {'title': 'Generative Adversarial Networks (GANs)', 'description': ''}}",{'privacyStatus': 'public'},{'itemCount': 1},"{'embedHtml': '<iframe width=""640"" height=""360"" src=""http://www.youtube.com/embed/videoseries?list=PLKnIA16_RmvaUo-zCQ9qW5YcAjh2Cm6zV"" frameborder=""0"" allow=""accelerometer; autoplay; clipboard-write; encrypted-media; gyroscope; picture-in-picture"" allowfullscreen></iframe>'}"
29,youtube#playlist,dvGFP7JrlbZA4NcLsItHknV3gUU,PLKnIA16_Rmvb6SAVpWjm0ZYPHo_KRXljU,"{'publishedAt': '2021-07-08T07:59:19Z', 'channelId': 'UCCWi3hpnq_Pe03nGxuS7isg', 'title': 'Convolutional Neural Networks (CNNs)', 'description': '', 'thumbnails': {'default': {'url': 'https://i.ytimg.com/vi/96JuiE7Medw/default.jpg', 'width': 120, 'height': 90}, 'medium': {'url': 'https://i.ytimg.com/vi/96JuiE7Medw/mqdefault.jpg', 'width': 320, 'height': 180}, 'high': {'url': 'https://i.ytimg.com/vi/96JuiE7Medw/hqdefault.jpg', 'width': 480, 'height': 360}, 'standard': {'url': 'https://i.ytimg.com/vi/96JuiE7Medw/sddefault.jpg', 'width': 640, 'height': 480}, 'maxres': {'url': 'https://i.ytimg.com/vi/96JuiE7Medw/maxresdefault.jpg', 'width': 1280, 'height': 720}}, 'channelTitle': 'CampusX', 'localized': {'title': 'Convolutional Neural Networks (CNNs)', 'description': ''}}",{'privacyStatus': 'public'},{'itemCount': 7},"{'embedHtml': '<iframe width=""640"" height=""360"" src=""http://www.youtube.com/embed/videoseries?list=PLKnIA16_Rmvb6SAVpWjm0ZYPHo_KRXljU"" frameborder=""0"" allow=""accelerometer; autoplay; clipboard-write; encrypted-media; gyroscope; picture-in-picture"" allowfullscreen></iframe>'}"
30,youtube#playlist,lcEwRfK9suVYpAi-FR_xs2wljdk,PLKnIA16_RmvbGGG0vZa0Wiwu58KSEwWOa,"{'publishedAt': '2021-07-08T07:55:46Z', 'channelId': 'UCCWi3hpnq_Pe03nGxuS7isg', 'title': ""Improving a Neural Network's Performancece"", 'description': '', 'thumbnails': {'default': {'url': 'https://i.ytimg.com/vi/cBaM-wQi2oE/default.jpg', 'width': 120, 'height': 90}, 'medium': {'url': 'https://i.ytimg.com/vi/cBaM-wQi2oE/mqdefault.jpg', 'width': 320, 'height': 180}, 'high': {'url': 'https://i.ytimg.com/vi/cBaM-wQi2oE/hqdefault.jpg', 'width': 480, 'height': 360}, 'standard': {'url': 'https://i.ytimg.com/vi/cBaM-wQi2oE/sddefault.jpg', 'width': 640, 'height': 480}}, 'channelTitle': 'CampusX', 'localized': {'title': ""Improving a Neural Network's Performancece"", 'description': ''}}",{'privacyStatus': 'public'},{'itemCount': 4},"{'embedHtml': '<iframe width=""640"" height=""360"" src=""http://www.youtube.com/embed/videoseries?list=PLKnIA16_RmvbGGG0vZa0Wiwu58KSEwWOa"" frameborder=""0"" allow=""accelerometer; autoplay; clipboard-write; encrypted-media; gyroscope; picture-in-picture"" allowfullscreen></iframe>'}"
31,youtube#playlist,Em_M-hC815l0WLUiOr3fzaIYKow,PLKnIA16_RmvbfNFxfBUAfXbPZw8Yrecct,"{'publishedAt': '2021-07-08T07:45:42Z', 'channelId': 'UCCWi3hpnq_Pe03nGxuS7isg', 'title': 'Artificial Neural Network (ANN))', 'description': '', 'thumbnails': {'default': {'url': 'https://i.ytimg.com/vi/oICPI4LyBU0/default.jpg', 'width': 120, 'height': 90}, 'medium': {'url': 'https://i.ytimg.com/vi/oICPI4LyBU0/mqdefault.jpg', 'width': 320, 'height': 180}, 'high': {'url': 'https://i.ytimg.com/vi/oICPI4LyBU0/hqdefault.jpg', 'width': 480, 'height': 360}, 'standard': {'url': 'https://i.ytimg.com/vi/oICPI4LyBU0/sddefault.jpg', 'width': 640, 'height': 480}, 'maxres': {'url': 'https://i.ytimg.com/vi/oICPI4LyBU0/maxresdefault.jpg', 'width': 1280, 'height': 720}}, 'channelTitle': 'CampusX', 'localized': {'title': 'Artificial Neural Network (ANN))', 'description': ''}}",{'privacyStatus': 'public'},{'itemCount': 7},"{'embedHtml': '<iframe width=""640"" height=""360"" src=""http://www.youtube.com/embed/videoseries?list=PLKnIA16_RmvbfNFxfBUAfXbPZw8Yrecct"" frameborder=""0"" allow=""accelerometer; autoplay; clipboard-write; encrypted-media; gyroscope; picture-in-picture"" allowfullscreen></iframe>'}"
32,youtube#playlist,UVKb7_oej5QNUjzXQMn7FsqIBrA,PLKnIA16_RmvbQrBwkYQGU5ITrhs4xNbee,"{'publishedAt': '2021-07-08T07:19:36Z', 'channelId': 'UCCWi3hpnq_Pe03nGxuS7isg', 'title': 'Deep Learning Projects', 'description': '', 'thumbnails': {'default': {'url': 'https://i.ytimg.com/vi/nQtLK2pKisI/default.jpg', 'width': 120, 'height': 90}, 'medium': {'url': 'https://i.ytimg.com/vi/nQtLK2pKisI/mqdefault.jpg', 'width': 320, 'height': 180}, 'high': {'url': 'https://i.ytimg.com/vi/nQtLK2pKisI/hqdefault.jpg', 'width': 480, 'height': 360}, 'standard': {'url': 'https://i.ytimg.com/vi/nQtLK2pKisI/sddefault.jpg', 'width': 640, 'height': 480}, 'maxres': {'url': 'https://i.ytimg.com/vi/nQtLK2pKisI/maxresdefault.jpg', 'width': 1280, 'height': 720}}, 'channelTitle': 'CampusX', 'localized': {'title': 'Deep Learning Projects', 'description': ''}}",{'privacyStatus': 'public'},{'itemCount': 4},"{'embedHtml': '<iframe width=""640"" height=""360"" src=""http://www.youtube.com/embed/videoseries?list=PLKnIA16_RmvbQrBwkYQGU5ITrhs4xNbee"" frameborder=""0"" allow=""accelerometer; autoplay; clipboard-write; encrypted-media; gyroscope; picture-in-picture"" allowfullscreen></iframe>'}"
33,youtube#playlist,LglAivOHKs6RzTYJ7Pjzil5D0HY,PLKnIA16_RmvY4R0tLwFl2V9sS_UkvUzjz,"{'publishedAt': '2021-07-08T07:06:31Z', 'channelId': 'UCCWi3hpnq_Pe03nGxuS7isg', 'title': 'Machine Learning Mathematics', 'description': '', 'thumbnails': {'default': {'url': 'https://i.ytimg.com/vi/hIMzczMO_Yc/default.jpg', 'width': 120, 'height': 90}, 'medium': {'url': 'https://i.ytimg.com/vi/hIMzczMO_Yc/mqdefault.jpg', 'width': 320, 'height': 180}, 'high': {'url': 'https://i.ytimg.com/vi/hIMzczMO_Yc/hqdefault.jpg', 'width': 480, 'height': 360}, 'standard': {'url': 'https://i.ytimg.com/vi/hIMzczMO_Yc/sddefault.jpg', 'width': 640, 'height': 480}, 'maxres': {'url': 'https://i.ytimg.com/vi/hIMzczMO_Yc/maxresdefault.jpg', 'width': 1280, 'height': 720}}, 'channelTitle': 'CampusX', 'localized': {'title': 'Machine Learning Mathematics', 'description': ''}}",{'privacyStatus': 'public'},{'itemCount': 2},"{'embedHtml': '<iframe width=""640"" height=""360"" src=""http://www.youtube.com/embed/videoseries?list=PLKnIA16_RmvY4R0tLwFl2V9sS_UkvUzjz"" frameborder=""0"" allow=""accelerometer; autoplay; clipboard-write; encrypted-media; gyroscope; picture-in-picture"" allowfullscreen></iframe>'}"
34,youtube#playlist,J9egOb3rETw_xkoKPGkW15PhUzw,PLKnIA16_RmvYXWH_E6PuVLLHHTWXwwDN7,"{'publishedAt': '2021-07-08T06:54:34Z', 'channelId': 'UCCWi3hpnq_Pe03nGxuS7isg', 'title': 'Feature Engineering', 'description': '', 'thumbnails': {'default': {'url': 'https://i.ytimg.com/vi/sluoVhT0ehg/default.jpg', 'width': 120, 'height': 90}, 'medium': {'url': 'https://i.ytimg.com/vi/sluoVhT0ehg/mqdefault.jpg', 'width': 320, 'height': 180}, 'high': {'url': 'https://i.ytimg.com/vi/sluoVhT0ehg/hqdefault.jpg', 'width': 480, 'height': 360}, 'standard': {'url': 'https://i.ytimg.com/vi/sluoVhT0ehg/sddefault.jpg', 'width': 640, 'height': 480}, 'maxres': {'url': 'https://i.ytimg.com/vi/sluoVhT0ehg/maxresdefault.jpg', 'width': 1280, 'height': 720}}, 'channelTitle': 'CampusX', 'localized': {'title': 'Feature Engineering', 'description': ''}}",{'privacyStatus': 'public'},{'itemCount': 23},"{'embedHtml': '<iframe width=""640"" height=""360"" src=""http://www.youtube.com/embed/videoseries?list=PLKnIA16_RmvYXWH_E6PuVLLHHTWXwwDN7"" frameborder=""0"" allow=""accelerometer; autoplay; clipboard-write; encrypted-media; gyroscope; picture-in-picture"" allowfullscreen></iframe>'}"
35,youtube#playlist,zE1YpaKeOyrE0aQqXruN1MTZakc,PLKnIA16_Rmvb1RYR-iTA_hzckhdONtSW4,"{'publishedAt': '2021-06-11T10:06:56Z', 'channelId': 'UCCWi3hpnq_Pe03nGxuS7isg', 'title': '100 Days of Python Programming', 'description': '', 'thumbnails': {'default': {'url': 'https://i.ytimg.com/vi/u1RKh1kQqaE/default.jpg', 'width': 120, 'height': 90}, 'medium': {'url': 'https://i.ytimg.com/vi/u1RKh1kQqaE/mqdefault.jpg', 'width': 320, 'height': 180}, 'high': {'url': 'https://i.ytimg.com/vi/u1RKh1kQqaE/hqdefault.jpg', 'width': 480, 'height': 360}, 'standard': {'url': 'https://i.ytimg.com/vi/u1RKh1kQqaE/sddefault.jpg', 'width': 640, 'height': 480}, 'maxres': {'url': 'https://i.ytimg.com/vi/u1RKh1kQqaE/maxresdefault.jpg', 'width': 1280, 'height': 720}}, 'channelTitle': 'CampusX', 'localized': {'title': '100 Days of Python Programming', 'description': ''}}",{'privacyStatus': 'public'},{'itemCount': 43},"{'embedHtml': '<iframe width=""640"" height=""360"" src=""http://www.youtube.com/embed/videoseries?list=PLKnIA16_Rmvb1RYR-iTA_hzckhdONtSW4"" frameborder=""0"" allow=""accelerometer; autoplay; clipboard-write; encrypted-media; gyroscope; picture-in-picture"" allowfullscreen></iframe>'}"
36,youtube#playlist,JOPqWvPpBZVDWdG7pF333kXgXIk,PLKnIA16_RmvZcoNprihRnFNlu8vxZrP8L,"{'publishedAt': '2021-05-23T02:50:35Z', 'channelId': 'UCCWi3hpnq_Pe03nGxuS7isg', 'title': 'Ecommerce Application using MERN stack', 'description': '', 'thumbnails': {'default': {'url': 'https://i.ytimg.com/vi/LFeT32e13AM/default.jpg', 'width': 120, 'height': 90}, 'medium': {'url': 'https://i.ytimg.com/vi/LFeT32e13AM/mqdefault.jpg', 'width': 320, 'height': 180}, 'high': {'url': 'https://i.ytimg.com/vi/LFeT32e13AM/hqdefault.jpg', 'width': 480, 'height': 360}, 'standard': {'url': 'https://i.ytimg.com/vi/LFeT32e13AM/sddefault.jpg', 'width': 640, 'height': 480}, 'maxres': {'url': 'https://i.ytimg.com/vi/LFeT32e13AM/maxresdefault.jpg', 'width': 1280, 'height': 720}}, 'channelTitle': 'CampusX', 'localized': {'title': 'Ecommerce Application using MERN stack', 'description': ''}}",{'privacyStatus': 'public'},{'itemCount': 18},"{'embedHtml': '<iframe width=""640"" height=""360"" src=""http://www.youtube.com/embed/videoseries?list=PLKnIA16_RmvZcoNprihRnFNlu8vxZrP8L"" frameborder=""0"" allow=""accelerometer; autoplay; clipboard-write; encrypted-media; gyroscope; picture-in-picture"" allowfullscreen></iframe>'}"
37,youtube#playlist,lqr7qC4APa4wl4lHyBBXUe-PTM0,PLKnIA16_RmvYZTbtlMAy82T57HdL7LG5z,"{'publishedAt': '2021-05-23T02:45:13Z', 'channelId': 'UCCWi3hpnq_Pe03nGxuS7isg', 'title': 'Nodejs', 'description': '', 'thumbnails': {'default': {'url': 'https://i.ytimg.com/vi/rt8TyYA3__k/default.jpg', 'width': 120, 'height': 90}, 'medium': {'url': 'https://i.ytimg.com/vi/rt8TyYA3__k/mqdefault.jpg', 'width': 320, 'height': 180}, 'high': {'url': 'https://i.ytimg.com/vi/rt8TyYA3__k/hqdefault.jpg', 'width': 480, 'height': 360}, 'standard': {'url': 'https://i.ytimg.com/vi/rt8TyYA3__k/sddefault.jpg', 'width': 640, 'height': 480}, 'maxres': {'url': 'https://i.ytimg.com/vi/rt8TyYA3__k/maxresdefault.jpg', 'width': 1280, 'height': 720}}, 'channelTitle': 'CampusX', 'localized': {'title': 'Nodejs', 'description': ''}}",{'privacyStatus': 'public'},{'itemCount': 6},"{'embedHtml': '<iframe width=""640"" height=""360"" src=""http://www.youtube.com/embed/videoseries?list=PLKnIA16_RmvYZTbtlMAy82T57HdL7LG5z"" frameborder=""0"" allow=""accelerometer; autoplay; clipboard-write; encrypted-media; gyroscope; picture-in-picture"" allowfullscreen></iframe>'}"
38,youtube#playlist,2H_mX34kdT6gOPOS13KpkhHSa7s,PLKnIA16_RmvZ4TXS8aMhMkk_Xbf5nI72_,"{'publishedAt': '2021-05-23T02:23:45Z', 'channelId': 'UCCWi3hpnq_Pe03nGxuS7isg', 'title': 'Reactjs', 'description': '', 'thumbnails': {'default': {'url': 'https://i.ytimg.com/vi/8FaUvSe_fWE/default.jpg', 'width': 120, 'height': 90}, 'medium': {'url': 'https://i.ytimg.com/vi/8FaUvSe_fWE/mqdefault.jpg', 'width': 320, 'height': 180}, 'high': {'url': 'https://i.ytimg.com/vi/8FaUvSe_fWE/hqdefault.jpg', 'width': 480, 'height': 360}, 'standard': {'url': 'https://i.ytimg.com/vi/8FaUvSe_fWE/sddefault.jpg', 'width': 640, 'height': 480}}, 'channelTitle': 'CampusX', 'localized': {'title': 'Reactjs', 'description': ''}}",{'privacyStatus': 'public'},{'itemCount': 15},"{'embedHtml': '<iframe width=""640"" height=""360"" src=""http://www.youtube.com/embed/videoseries?list=PLKnIA16_RmvZ4TXS8aMhMkk_Xbf5nI72_"" frameborder=""0"" allow=""accelerometer; autoplay; clipboard-write; encrypted-media; gyroscope; picture-in-picture"" allowfullscreen></iframe>'}"
39,youtube#playlist,i7fU5K6tck5kn5xTACgZf1FThb8,PLKnIA16_RmvaeOke8cZBroU-ZONUIhi8H,"{'publishedAt': '2021-05-23T02:21:13Z', 'channelId': 'UCCWi3hpnq_Pe03nGxuS7isg', 'title': 'Firebase Expense Tracker Project', 'description': '', 'thumbnails': {'default': {'url': 'https://i.ytimg.com/vi/dOfsj5eAF6c/default.jpg', 'width': 120, 'height': 90}, 'medium': {'url': 'https://i.ytimg.com/vi/dOfsj5eAF6c/mqdefault.jpg', 'width': 320, 'height': 180}, 'high': {'url': 'https://i.ytimg.com/vi/dOfsj5eAF6c/hqdefault.jpg', 'width': 480, 'height': 360}, 'standard': {'url': 'https://i.ytimg.com/vi/dOfsj5eAF6c/sddefault.jpg', 'width': 640, 'height': 480}}, 'channelTitle': 'CampusX', 'localized': {'title': 'Firebase Expense Tracker Project', 'description': ''}}",{'privacyStatus': 'public'},{'itemCount': 4},"{'embedHtml': '<iframe width=""640"" height=""360"" src=""http://www.youtube.com/embed/videoseries?list=PLKnIA16_RmvaeOke8cZBroU-ZONUIhi8H"" frameborder=""0"" allow=""accelerometer; autoplay; clipboard-write; encrypted-media; gyroscope; picture-in-picture"" allowfullscreen></iframe>'}"
40,youtube#playlist,LIT_HQjO71KUyMm_QeVCDyR6ByY,PLKnIA16_RmvYQCXvDZmiVwJ0l8Bg0ZGCG,"{'publishedAt': '2021-05-23T02:18:58Z', 'channelId': 'UCCWi3hpnq_Pe03nGxuS7isg', 'title': 'Object Oriented Javascript', 'description': '', 'thumbnails': {'default': {'url': 'https://i.ytimg.com/vi/AO6ElqaDn-o/default.jpg', 'width': 120, 'height': 90}, 'medium': {'url': 'https://i.ytimg.com/vi/AO6ElqaDn-o/mqdefault.jpg', 'width': 320, 'height': 180}, 'high': {'url': 'https://i.ytimg.com/vi/AO6ElqaDn-o/hqdefault.jpg', 'width': 480, 'height': 360}, 'standard': {'url': 'https://i.ytimg.com/vi/AO6ElqaDn-o/sddefault.jpg', 'width': 640, 'height': 480}}, 'channelTitle': 'CampusX', 'localized': {'title': 'Object Oriented Javascript', 'description': ''}}",{'privacyStatus': 'public'},{'itemCount': 2},"{'embedHtml': '<iframe width=""640"" height=""360"" src=""http://www.youtube.com/embed/videoseries?list=PLKnIA16_RmvYQCXvDZmiVwJ0l8Bg0ZGCG"" frameborder=""0"" allow=""accelerometer; autoplay; clipboard-write; encrypted-media; gyroscope; picture-in-picture"" allowfullscreen></iframe>'}"
41,youtube#playlist,LiXhCGzKJxu0VBwzbEFT1sgFJFE,PLKnIA16_RmvalFVAuVdLVFSqg50cwotk0,"{'publishedAt': '2021-04-11T01:06:55Z', 'channelId': 'UCCWi3hpnq_Pe03nGxuS7isg', 'title': 'Feature Scaling', 'description': '', 'thumbnails': {'default': {'url': 'https://i.ytimg.com/vi/1Yw9sC0PNwY/default.jpg', 'width': 120, 'height': 90}, 'medium': {'url': 'https://i.ytimg.com/vi/1Yw9sC0PNwY/mqdefault.jpg', 'width': 320, 'height': 180}, 'high': {'url': 'https://i.ytimg.com/vi/1Yw9sC0PNwY/hqdefault.jpg', 'width': 480, 'height': 360}, 'standard': {'url': 'https://i.ytimg.com/vi/1Yw9sC0PNwY/sddefault.jpg', 'width': 640, 'height': 480}, 'maxres': {'url': 'https://i.ytimg.com/vi/1Yw9sC0PNwY/maxresdefault.jpg', 'width': 1280, 'height': 720}}, 'channelTitle': 'CampusX', 'localized': {'title': 'Feature Scaling', 'description': ''}}",{'privacyStatus': 'public'},{'itemCount': 2},"{'embedHtml': '<iframe width=""640"" height=""360"" src=""http://www.youtube.com/embed/videoseries?list=PLKnIA16_RmvalFVAuVdLVFSqg50cwotk0"" frameborder=""0"" allow=""accelerometer; autoplay; clipboard-write; encrypted-media; gyroscope; picture-in-picture"" allowfullscreen></iframe>'}"
42,youtube#playlist,1SXh_ckPPt9fr2X6JUYCpGorkew,PLKnIA16_RmvZ7iKIcJrLjUoFDEeSejRpn,"{'publishedAt': '2021-03-16T13:39:30Z', 'channelId': 'UCCWi3hpnq_Pe03nGxuS7isg', 'title': 'Bagging Ensemble', 'description': '', 'thumbnails': {'default': {'url': 'https://i.ytimg.com/vi/LUiBOAy7x6Y/default.jpg', 'width': 120, 'height': 90}, 'medium': {'url': 'https://i.ytimg.com/vi/LUiBOAy7x6Y/mqdefault.jpg', 'width': 320, 'height': 180}, 'high': {'url': 'https://i.ytimg.com/vi/LUiBOAy7x6Y/hqdefault.jpg', 'width': 480, 'height': 360}, 'standard': {'url': 'https://i.ytimg.com/vi/LUiBOAy7x6Y/sddefault.jpg', 'width': 640, 'height': 480}}, 'channelTitle': 'CampusX', 'localized': {'title': 'Bagging Ensemble', 'description': ''}}",{'privacyStatus': 'public'},{'itemCount': 3},"{'embedHtml': '<iframe width=""640"" height=""360"" src=""http://www.youtube.com/embed/videoseries?list=PLKnIA16_RmvZ7iKIcJrLjUoFDEeSejRpn"" frameborder=""0"" allow=""accelerometer; autoplay; clipboard-write; encrypted-media; gyroscope; picture-in-picture"" allowfullscreen></iframe>'}"
43,youtube#playlist,f--wmvXre9bPBABbeT1kYrNJM_0,PLKnIA16_RmvYXDBJ5WRDuQRSzFJs93pYR,"{'publishedAt': '2021-03-16T01:12:03Z', 'channelId': 'UCCWi3hpnq_Pe03nGxuS7isg', 'title': 'Image Processing Using OpenCV', 'description': '', 'thumbnails': {'default': {'url': 'https://i.ytimg.com/vi/oUJs03eZ0S8/default.jpg', 'width': 120, 'height': 90}, 'medium': {'url': 'https://i.ytimg.com/vi/oUJs03eZ0S8/mqdefault.jpg', 'width': 320, 'height': 180}, 'high': {'url': 'https://i.ytimg.com/vi/oUJs03eZ0S8/hqdefault.jpg', 'width': 480, 'height': 360}, 'standard': {'url': 'https://i.ytimg.com/vi/oUJs03eZ0S8/sddefault.jpg', 'width': 640, 'height': 480}}, 'channelTitle': 'CampusX', 'localized': {'title': 'Image Processing Using OpenCV', 'description': ''}}",{'privacyStatus': 'public'},{'itemCount': 13},"{'embedHtml': '<iframe width=""640"" height=""360"" src=""http://www.youtube.com/embed/videoseries?list=PLKnIA16_RmvYXDBJ5WRDuQRSzFJs93pYR"" frameborder=""0"" allow=""accelerometer; autoplay; clipboard-write; encrypted-media; gyroscope; picture-in-picture"" allowfullscreen></iframe>'}"
44,youtube#playlist,xTX7rCpNFz0JKVCGwXHzr7UQpYw,PLKnIA16_Rmvbr7zKYQuBfsVkjoLcJgxHH,"{'publishedAt': '2021-03-16T01:11:33Z', 'channelId': 'UCCWi3hpnq_Pe03nGxuS7isg', 'title': '100 Days of Machine Learning', 'description': '', 'thumbnails': {'default': {'url': 'https://i.ytimg.com/vi/ZftI2fEz0Fw/default.jpg', 'width': 120, 'height': 90}, 'medium': {'url': 'https://i.ytimg.com/vi/ZftI2fEz0Fw/mqdefault.jpg', 'width': 320, 'height': 180}, 'high': {'url': 'https://i.ytimg.com/vi/ZftI2fEz0Fw/hqdefault.jpg', 'width': 480, 'height': 360}, 'standard': {'url': 'https://i.ytimg.com/vi/ZftI2fEz0Fw/sddefault.jpg', 'width': 640, 'height': 480}}, 'channelTitle': 'CampusX', 'localized': {'title': '100 Days of Machine Learning', 'description': ''}}",{'privacyStatus': 'public'},{'itemCount': 109},"{'embedHtml': '<iframe width=""640"" height=""360"" src=""http://www.youtube.com/embed/videoseries?list=PLKnIA16_Rmvbr7zKYQuBfsVkjoLcJgxHH"" frameborder=""0"" allow=""accelerometer; autoplay; clipboard-write; encrypted-media; gyroscope; picture-in-picture"" allowfullscreen></iframe>'}"
45,youtube#playlist,KGZx4P20UWqGa0sJxxJkNWZJsi8,PLKnIA16_RmvYCvO-bAYhv3IAW220Jl7b3,"{'publishedAt': '2021-03-11T16:52:26Z', 'channelId': 'UCCWi3hpnq_Pe03nGxuS7isg', 'title': 'Voting Classifier', 'description': '', 'thumbnails': {'default': {'url': 'https://i.ytimg.com/vi/_W1i-c_6rOk/default.jpg', 'width': 120, 'height': 90}, 'medium': {'url': 'https://i.ytimg.com/vi/_W1i-c_6rOk/mqdefault.jpg', 'width': 320, 'height': 180}, 'high': {'url': 'https://i.ytimg.com/vi/_W1i-c_6rOk/hqdefault.jpg', 'width': 480, 'height': 360}, 'standard': {'url': 'https://i.ytimg.com/vi/_W1i-c_6rOk/sddefault.jpg', 'width': 640, 'height': 480}}, 'channelTitle': 'CampusX', 'localized': {'title': 'Voting Classifier', 'description': ''}}",{'privacyStatus': 'public'},{'itemCount': 3},"{'embedHtml': '<iframe width=""640"" height=""360"" src=""http://www.youtube.com/embed/videoseries?list=PLKnIA16_RmvYCvO-bAYhv3IAW220Jl7b3"" frameborder=""0"" allow=""accelerometer; autoplay; clipboard-write; encrypted-media; gyroscope; picture-in-picture"" allowfullscreen></iframe>'}"
46,youtube#playlist,lZjhWp_w8XFBmdBoVhl55JkABOM,PLKnIA16_RmvaLqH0DVuWuQ711qkgYZOhS,"{'publishedAt': '2020-10-13T08:26:37Z', 'channelId': 'UCCWi3hpnq_Pe03nGxuS7isg', 'title': 'LinkedList in Python', 'description': '', 'thumbnails': {'default': {'url': 'https://i.ytimg.com/img/no_thumbnail.jpg', 'width': 120, 'height': 90}, 'medium': {'url': 'https://i.ytimg.com/img/no_thumbnail.jpg', 'width': 320, 'height': 180}, 'high': {'url': 'https://i.ytimg.com/img/no_thumbnail.jpg', 'width': 480, 'height': 360}}, 'channelTitle': 'CampusX', 'localized': {'title': 'LinkedList in Python', 'description': ''}}",{'privacyStatus': 'public'},{'itemCount': 0},"{'embedHtml': '<iframe width=""640"" height=""360"" src=""http://www.youtube.com/embed/videoseries?list=PLKnIA16_RmvaLqH0DVuWuQ711qkgYZOhS"" frameborder=""0"" allow=""accelerometer; autoplay; clipboard-write; encrypted-media; gyroscope; picture-in-picture"" allowfullscreen></iframe>'}"
47,youtube#playlist,SaYt9QH4zgqfbhMtfrKbZyjnNj0,PLKnIA16_Rmvb3AF6EFjecR8KSgY-t8LhA,"{'publishedAt': '2020-10-08T14:50:59Z', 'channelId': 'UCCWi3hpnq_Pe03nGxuS7isg', 'title': 'Javascript Fundamentals', 'description': '', 'thumbnails': {'default': {'url': 'https://i.ytimg.com/vi/6hNM-HfBmPE/default.jpg', 'width': 120, 'height': 90}, 'medium': {'url': 'https://i.ytimg.com/vi/6hNM-HfBmPE/mqdefault.jpg', 'width': 320, 'height': 180}, 'high': {'url': 'https://i.ytimg.com/vi/6hNM-HfBmPE/hqdefault.jpg', 'width': 480, 'height': 360}, 'standard': {'url': 'https://i.ytimg.com/vi/6hNM-HfBmPE/sddefault.jpg', 'width': 640, 'height': 480}}, 'channelTitle': 'CampusX', 'localized': {'title': 'Javascript Fundamentals', 'description': ''}}",{'privacyStatus': 'public'},{'itemCount': 23},"{'embedHtml': '<iframe width=""640"" height=""360"" src=""http://www.youtube.com/embed/videoseries?list=PLKnIA16_Rmvb3AF6EFjecR8KSgY-t8LhA"" frameborder=""0"" allow=""accelerometer; autoplay; clipboard-write; encrypted-media; gyroscope; picture-in-picture"" allowfullscreen></iframe>'}"
48,youtube#playlist,vdcqojRQCb3BtnvuNGpWUN9u58o,PLKnIA16_RmvYNKLA_HG5h3_dyzSBuD09_,"{'publishedAt': '2020-08-07T06:02:26Z', 'channelId': 'UCCWi3hpnq_Pe03nGxuS7isg', 'title': 'Perceptron', 'description': '', 'thumbnails': {'default': {'url': 'https://i.ytimg.com/vi/dNpnqLqtBxg/default.jpg', 'width': 120, 'height': 90}, 'medium': {'url': 'https://i.ytimg.com/vi/dNpnqLqtBxg/mqdefault.jpg', 'width': 320, 'height': 180}, 'high': {'url': 'https://i.ytimg.com/vi/dNpnqLqtBxg/hqdefault.jpg', 'width': 480, 'height': 360}, 'standard': {'url': 'https://i.ytimg.com/vi/dNpnqLqtBxg/sddefault.jpg', 'width': 640, 'height': 480}, 'maxres': {'url': 'https://i.ytimg.com/vi/dNpnqLqtBxg/maxresdefault.jpg', 'width': 1280, 'height': 720}}, 'channelTitle': 'CampusX', 'localized': {'title': 'Perceptron', 'description': ''}}",{'privacyStatus': 'public'},{'itemCount': 4},"{'embedHtml': '<iframe width=""640"" height=""360"" src=""http://www.youtube.com/embed/videoseries?list=PLKnIA16_RmvYNKLA_HG5h3_dyzSBuD09_"" frameborder=""0"" allow=""accelerometer; autoplay; clipboard-write; encrypted-media; gyroscope; picture-in-picture"" allowfullscreen></iframe>'}"
49,youtube#playlist,c4JaBdPlez95XGp2Mt-hrKF1prw,PLKnIA16_RmvYu0fS_RuIB2eTbJcTFdrAA,"{'publishedAt': '2020-07-10T01:52:28Z', 'channelId': 'UCCWi3hpnq_Pe03nGxuS7isg', 'title': 'Linear Algebra for Machine Learning', 'description': '', 'thumbnails': {'default': {'url': 'https://i.ytimg.com/vi/e9h-ZZ_ahRg/default.jpg', 'width': 120, 'height': 90}, 'medium': {'url': 'https://i.ytimg.com/vi/e9h-ZZ_ahRg/mqdefault.jpg', 'width': 320, 'height': 180}, 'high': {'url': 'https://i.ytimg.com/vi/e9h-ZZ_ahRg/hqdefault.jpg', 'width': 480, 'height': 360}, 'standard': {'url': 'https://i.ytimg.com/vi/e9h-ZZ_ahRg/sddefault.jpg', 'width': 640, 'height': 480}, 'maxres': {'url': 'https://i.ytimg.com/vi/e9h-ZZ_ahRg/maxresdefault.jpg', 'width': 1280, 'height': 720}}, 'channelTitle': 'CampusX', 'localized': {'title': 'Linear Algebra for Machine Learning', 'description': ''}}",{'privacyStatus': 'public'},{'itemCount': 8},"{'embedHtml': '<iframe width=""640"" height=""360"" src=""http://www.youtube.com/embed/videoseries?list=PLKnIA16_RmvYu0fS_RuIB2eTbJcTFdrAA"" frameborder=""0"" allow=""accelerometer; autoplay; clipboard-write; encrypted-media; gyroscope; picture-in-picture"" allowfullscreen></iframe>'}"
